date,open,high,close,low,volume,price_change,p_change,ma5,ma10,ma20,v_ma5,v_ma10,v_ma20
2018-11-01,18.81,19.42,18.82,18.63,755153.19,0.7,3.86,17.986,18.495,19.479,497371.71,526413.21,476997.92
2018-10-31,18.05,18.44,18.12,17.72,467315.38,0.14,0.78,17.75,18.43,19.756,492917.4,493307.31,452931.09
2018-10-30,17.6,18.16,17.98,16.91,504913.19,0.62,3.57,17.914,18.456,20.072,469007.23,507908.85,442555.51
2018-10-29,17.6,17.9,17.36,16.88,339698.19,-0.29,-1.64,18.174,18.427,20.394,457007.31,517997.45,434095.72
2018-10-26,17.95,18.19,17.65,17.26,419778.62,0.01,0.06,18.718,18.534,20.737,531858.26,563066.22,434783.64
2018-10-25,18.0,18.16,17.64,17.05,732881.62,-1.3,-6.86,19.004,18.817,21.057,555454.7,555864.51,426142.37
2018-10-24,19.21,19.49,18.94,18.58,347764.53,-0.34,-1.76,19.11,19.077,21.381,493697.21,523734.39,408127.62
2018-10-23,20.0,20.14,19.28,19.1,444913.59,-0.8,-3.98,18.998,19.432,21.626,546810.47,513894.6,407239.68
2018-10-22,19.5,20.58,20.08,19.14,713952.94,1.0,5.24,18.68,19.731,21.821,578987.59,496446.95,403289.66
2018-10-19,17.62,19.29,19.08,17.62,537760.81,0.91,5.01,18.35,19.963,21.997,594274.19,455282.2,400681.51
2018-10-18,18.11,18.57,18.17,17.77,424094.19,-0.21,-1.14,18.63,20.463,22.341,556274.32,427582.64,397616.5
2018-10-17,18.15,18.55,18.38,17.6,613330.81,0.69,3.9,19.044,21.081,22.727,553771.57,412554.88,390579.85
2018-10-16,18.06,18.39,17.69,17.32,605799.19,-0.74,-4.01,19.866,21.688,23.126,480978.74,377202.16,377740.85
2018-10-15,20.48,20.48,18.43,18.43,790385.94,-2.05,-10.01,20.782,22.361,23.527,413906.3,350193.99,372234.97
2018-10-12,19.95,20.84,20.48,19.46,347761.47,0.24,1.19,21.576,22.939,23.906,316290.21,306501.05,372953.88
2018-10-11,21.4,21.65,20.24,20.24,411580.44,-2.25,-10.0,22.296,23.296,24.265,298890.96,296420.24,376238.92
2018-10-10,22.3,22.8,22.49,21.75,249366.64,0.22,0.99,23.118,23.685,24.62,271338.18,292520.85,374832.79
2018-10-09,22.5,22.83,22.27,21.68,270437.03,-0.13,-0.58,23.51,23.819,24.884,273425.59,300584.75,392371.82
2018-10-08,23.2,23.2,22.4,22.07,302305.47,-1.68,-6.98,23.94,23.91,25.144,286481.67,310132.37,404689.86
2018-09-28,24.65,24.65,24.08,23.35,260765.23,-0.27,-1.11,24.302,24.03,25.33,296711.9,346080.82,403871.88
2018-09-27,24.49,24.95,24.35,24.28,273816.53,-0.1,-0.41,24.296,24.218,25.436,293949.51,367650.36,410596.59
2018-09-26,24.25,24.71,24.45,23.98,259803.69,0.03,0.12,24.252,24.372,25.57,313703.53,368604.82,415831.26
2018-09-25,24.02,24.75,24.42,23.91,335717.44,0.21,0.87,24.128,24.563,25.732,327743.91,378279.54,421335.98
2018-09-21,24.09,24.25,24.21,23.31,353456.59,0.16,0.67,23.88,24.692,25.893,333783.08,394275.95,425708.85
2018-09-20,24.09,24.5,24.05,23.7,246953.3,-0.08,-0.33,23.758,24.873,26.023,395449.75,439406.7,426371.08
2018-09-19,23.7,24.65,24.13,23.5,372586.62,0.3,1.26,24.14,25.233,26.144,441351.2,456057.61,437222.77
2018-09-18,23.16,23.86,23.83,23.11,330005.62,0.65,2.8,24.492,25.555,26.224,423506.1,457144.73,432439.98
2018-09-17,23.01,23.55,23.18,22.82,365913.25,-0.42,-1.78,24.998,25.948,26.352,428815.16,484158.88,435448.92
2018-09-14,25.9,25.9,23.6,23.47,661789.94,-2.36,-9.09,25.504,26.377,26.503,454768.83,499247.35,438540.02
2018-09-13,26.25,26.5,25.96,25.0,476460.59,0.07,0.27,25.988,26.63,26.598,483363.65,461662.93,428816.72
2018-09-12,26.23,26.56,25.89,25.57,283361.12,-0.47,-1.78,26.326,26.654,26.641,470764.02,453542.82,426576.47
2018-09-11,25.68,26.47,26.36,25.51,356550.91,0.65,2.53,26.618,26.768,26.717,490783.36,463057.71,435254.83
2018-09-10,25.69,26.1,25.71,25.0,495681.59,-0.31,-1.19,26.898,26.901,26.779,539502.6,464392.42,445312.04
2018-09-07,27.43,28.58,26.02,25.7,804764.06,-1.63,-5.89,27.25,27.094,26.934,543725.87,457141.74,458499.75
2018-09-06,27.3,28.03,27.65,27.22,413462.41,0.3,1.1,27.272,27.173,27.046,439962.21,413335.47,446272.48
2018-09-05,27.59,28.05,27.35,27.3,383457.84,-0.41,-1.48,26.982,27.055,27.075,436321.61,418387.93,464456.02
2018-09-04,27.32,28.45,27.76,27.17,600147.12,0.29,1.06,26.918,26.893,27.015,435332.05,407735.23,469232.15
2018-09-03,26.07,27.49,27.47,25.36,516797.91,1.34,5.13,26.904,26.756,26.956,389282.23,386738.95,470976.4
2018-08-31,26.1,26.68,26.13,25.94,285945.78,-0.07,-0.27,26.938,26.628,26.822,370557.62,377832.69,463342.2
2018-08-30,27.1,27.1,26.2,25.91,395259.41,-0.83,-3.07,27.074,26.565,26.735,386708.72,395970.51,466235.84
2018-08-29,28.1,28.1,27.03,26.9,378510.03,-0.66,-2.38,27.128,26.627,26.694,400454.24,399610.13,468006.72
2018-08-28,27.62,28.18,27.69,27.34,369898.0,0.05,0.18,26.868,26.666,26.608,380138.4,407451.96,472012.34
2018-08-27,26.7,27.97,27.64,26.7,423174.88,0.83,3.1,26.608,26.657,26.48,384195.68,426231.67,470434.06
2018-08-24,26.23,27.08,26.81,26.14,366701.28,0.34,1.28,26.318,26.774,26.398,385107.76,459857.76,464624.76
2018-08-23,25.95,27.11,26.47,25.81,463987.0,0.74,2.88,26.056,26.919,26.339,405232.31,479209.5,466379.09
2018-08-22,26.2,26.7,25.73,25.4,276930.84,-0.66,-2.5,26.126,27.095,26.316,398766.02,510524.12,469994.23
2018-08-21,26.32,26.7,26.39,25.77,390184.41,0.2,0.76,26.464,27.136,26.4,434765.52,530729.07,484269.68
2018-08-20,25.51,26.48,26.19,24.77,427735.28,0.69,2.71,26.706,27.155,26.463,468267.66,555213.85,495668.6
2018-08-17,27.31,27.47,25.5,25.5,467324.0,-1.32,-4.92,27.23,27.016,26.531,534607.77,548851.7,507329.74
2018-08-16,26.8,27.78,26.82,26.5,431655.59,-0.6,-2.19,27.782,26.905,26.626,553186.69,536501.18,533758.61
2018-08-15,27.56,28.04,27.42,27.05,456928.31,-0.18,-0.65,28.064,26.761,26.531,622282.22,536403.32,525946.68
2018-08-14,28.2,28.34,27.6,27.36,557695.12,-1.21,-4.2,27.808,26.549,26.391,626692.62,536572.71,518208.37
2018-08-13,27.92,29.44,28.81,27.59,759435.81,0.55,1.95,27.604,26.303,26.29,642160.05,514636.46,511944.12
2018-08-10,28.1,28.35,28.26,27.68,560218.62,0.03,0.11,26.802,26.022,26.139,563095.64,469391.76,500305.17
2018-08-09,26.01,28.69,28.23,25.98,777133.25,2.09,8.0,26.028,25.759,25.999,519815.66,453548.68,489434.67
2018-08-08,26.19,27.15,26.14,26.05,478980.31,-0.44,-1.66,25.458,25.536,25.867,450524.41,429464.33,484404.98
2018-08-07,24.77,26.88,26.58,24.45,635032.25,1.78,7.18,25.29,25.663,25.785,446452.81,437810.28,483284.19
2018-08-06,24.45,25.18,24.8,24.03,364113.75,0.41,1.68,25.002,25.77,25.707,387112.86,436123.34,469670.18
2018-08-03,25.38,25.5,24.39,24.38,343818.75,-0.99,-3.9,25.242,26.045,25.736,375687.87,465807.78,479547.45
2018-08-02,25.6,25.71,25.38,24.02,430677.0,0.08,0.32,25.49,26.347,25.717,387281.69,531016.04,491035.36
2018-08-01,25.38,26.62,25.3,25.3,458622.28,0.16,0.64,25.614,26.301,25.66,408404.25,515490.03,491143.37
2018-07-31,25.8,25.96,25.14,24.84,338332.53,-0.86,-3.31,26.036,26.232,25.616,429167.76,499844.03,488569.1
2018-07-30,25.6,26.06,26.0,25.16,306988.81,0.37,1.44,26.538,26.276,25.603,485133.82,509251.79,499438.24
2018-07-27,25.9,26.15,25.63,25.05,401787.84,-0.37,-1.42,26.848,26.256,25.503,555927.68,531218.59,507278.43
2018-07-26,27.2,27.36,26.0,25.81,536289.81,-1.41,-5.14,27.204,26.239,25.414,674750.39,525320.66,513161.93
2018-07-25,27.3,28.51,27.41,27.0,562439.81,-0.24,-0.87,26.988,26.198,25.202,622575.81,539345.63,500935.89
2018-07-24,27.5,27.95,27.65,26.62,618162.81,0.1,0.36,26.428,25.907,24.93,570520.3,528758.1,496804.67
2018-07-23,27.21,27.64,27.55,26.8,660958.12,0.14,0.51,26.014,25.643,24.612,533369.76,503217.03,489469.42
2018-07-20,24.8,27.41,27.41,24.65,995901.38,2.49,9.99,25.664,25.427,24.219,506509.49,493287.12,469624.03
2018-07-19,24.55,25.12,24.92,24.42,275416.94,0.31,1.26,25.274,25.086,23.829,375890.94,451054.69,433808.34
2018-07-18,25.39,25.6,24.61,24.59,302162.25,-0.97,-3.79,25.408,25.019,23.537,456115.44,466796.7,436691.87
2018-07-17,25.44,25.68,25.58,24.42,432410.09,-0.22,-0.85,25.386,25.0,23.314,486995.9,477294.17,434927.72
2018-07-16,25.73,26.54,25.8,25.25,526656.81,0.34,1.33,25.272,24.929,23.022,473064.3,489624.7,431580.42
2018-07-13,25.4,25.75,25.46,25.01,342808.62,-0.13,-0.51,25.19,24.749,22.823,480064.74,483338.28,435073.47
2018-07-12,24.28,25.98,25.59,24.22,676539.44,1.09,4.45,24.898,24.588,22.733,526218.43,501003.2,437130.53
2018-07-11,24.4,25.14,24.5,23.54,456564.56,-0.51,-2.04,24.63,24.206,22.62,477477.96,462526.14,419151.45
2018-07-10,25.01,25.18,25.01,24.65,362752.09,-0.38,-1.5,24.614,23.952,22.575,467592.43,464851.23,414961.63
2018-07-09,24.1,25.6,25.39,23.8,561659.0,1.39,5.79,24.586,23.58,22.456,506185.1,475721.81,410931.61
2018-07-06,24.39,25.49,24.0,23.75,573577.06,-0.25,-1.03,24.308,23.01,22.354,486611.82,445960.95,402474.76
2018-07-05,24.25,25.74,24.25,23.68,432837.09,-0.17,-0.7,24.278,22.572,22.292,475787.96,416561.99,383272.81
2018-07-04,24.28,25.17,24.42,23.93,407136.91,-0.45,-1.81,23.782,22.054,22.224,447574.33,406587.04,376531.07
2018-07-03,23.8,25.88,24.87,23.43,555715.44,0.87,3.62,23.29,21.627,22.133,462110.03,392561.27,371820.48
2018-07-02,23.85,24.37,24.0,23.37,463792.62,0.15,0.63,22.574,21.115,21.961,445258.51,373536.13,356162.89
2018-06-29,22.08,23.92,23.85,22.08,519457.75,2.08,9.55,21.712,20.897,21.829,405310.07,386808.65,344385.45
2018-06-28,21.81,22.53,21.77,21.76,291768.91,-0.19,-0.86,20.866,20.878,21.738,357336.01,373257.86,335104.05
2018-06-27,21.48,22.74,21.96,21.26,479815.44,0.67,3.15,20.326,21.034,21.758,365599.74,375776.76,334816.39
2018-06-26,19.45,21.66,21.29,19.27,471457.84,1.6,8.13,19.964,21.198,21.8,323012.51,365072.03,327148.18
2018-06-25,19.8,20.29,19.69,19.66,264050.41,0.07,0.36,19.656,21.331,21.886,301813.74,346141.42,315025.65
2018-06-22,18.98,20.06,19.62,18.8,279587.47,0.55,2.88,20.082,21.698,22.069,368307.22,358988.58,318939.99
2018-06-21,20.07,20.35,19.07,18.8,333087.56,-1.08,-5.36,20.89,22.012,22.319,389179.7,349983.63,322731.08
2018-06-20,19.68,20.46,20.15,19.43,266879.25,0.4,2.02,21.742,22.393,22.587,385953.77,346475.1,336766.35
2018-06-19,21.01,21.8,19.75,19.64,365464.03,-2.07,-9.49,22.432,22.638,22.779,407131.56,351079.68,337532.79
2018-06-15,23.59,23.59,21.82,21.29,596517.81,-1.84,-7.78,23.006,22.806,22.989,390469.1,338789.65,343751.76
2018-06-14,23.32,23.98,23.66,23.23,383949.84,0.33,1.41,23.314,22.76,23.036,349669.94,301962.25,329561.14
2018-06-13,23.4,23.93,23.33,23.19,316957.91,-0.27,-1.14,23.134,22.598,23.013,310787.57,296950.24,322808.47
2018-06-12,22.76,23.67,23.6,22.28,372768.19,0.98,4.33,23.044,22.482,22.996,306996.44,293856.03,322444.21
2018-06-11,23.3,23.46,22.62,22.49,282151.75,-0.74,-3.17,22.844,22.402,22.985,295027.81,289224.32,323273.65
2018-06-08,22.76,23.75,23.36,22.42,392522.0,0.6,2.64,22.606,22.44,23.008,287110.19,283909.87,335580.47
2018-06-07,23.0,23.08,22.76,22.5,189538.0,-0.12,-0.52,22.206,22.439,23.051,254254.57,278891.4,334334.08
2018-06-06,22.8,23.09,22.88,22.26,298002.25,0.28,1.24,22.062,22.626,23.122,283112.9,295478.53,343884.56
2018-06-05,21.57,22.65,22.6,21.4,312925.06,1.17,5.46,21.92,22.78,23.233,280715.62,327057.59,345071.49
2018-06-04,21.6,21.87,21.43,20.97,242563.64,0.07,0.33,21.96,22.92,23.368,283420.83,323985.89,350492.96
2018-06-01,21.9,21.97,21.36,21.18,228243.88,-0.68,-3.08,22.274,23.172,23.556,280709.56,348713.87,360570.53
2018-05-31,22.5,22.6,22.04,21.31,333829.69,-0.13,-0.59,22.672,23.312,23.736,303528.24,357160.02,379202.64
2018-05-30,22.55,23.24,22.17,22.15,286015.81,-0.63,-2.76,23.19,23.427,23.882,307844.16,348666.7,393884.07
2018-05-29,23.19,23.41,22.8,22.1,326451.12,-0.2,-0.87,23.64,23.51,23.97,373399.56,351032.4,410869.54
2018-05-28,23.0,23.75,23.0,22.91,229007.28,-0.35,-1.5,23.88,23.568,23.987,364550.95,357322.98,421139.17
2018-05-25,24.53,24.53,23.35,23.35,342337.28,-1.28,-5.2,24.07,23.575,23.997,416718.19,387251.08,443910.69
2018-05-24,24.53,24.93,24.63,24.23,355409.31,0.21,0.86,23.952,23.662,23.972,410791.81,389776.76,454266.36
2018-05-23,23.99,25.38,24.42,23.79,613792.81,0.42,1.75,23.664,23.618,23.912,389489.24,392290.59,468977.34
2018-05-22,23.9,24.18,24.0,23.7,282208.09,0.05,0.21,23.38,23.686,23.82,328665.24,363085.39,481131.38
2018-05-21,22.99,24.07,23.95,22.99,489843.47,1.19,5.23,23.256,23.815,23.874,350095.0,377000.04,491301.06
2018-05-18,23.11,23.27,22.76,22.25,312705.38,-0.39,-1.69,23.08,23.94,23.979,357783.96,372427.19,506275.15
2018-05-17,22.95,23.41,23.19,22.83,248896.44,0.19,0.83,23.372,24.159,24.17,368761.71,401245.26,539117.39
2018-05-16,23.3,23.66,23.0,22.91,309672.81,-0.38,-1.62,23.572,24.336,24.262,395091.94,439101.44,567020.67
2018-05-15,23.13,23.41,23.38,22.61,389356.91,0.31,1.34,23.992,24.429,24.402,397505.54,470706.68,607771.98
2018-05-14,24.15,24.32,23.07,22.79,528288.25,-1.15,-4.75,24.374,24.406,24.406,403905.07,484955.36,607404.09
2018-05-11,24.16,25.09,24.22,23.92,367594.16,0.03,0.12,24.8,24.418,24.402,387070.42,500570.3,596177.01
2018-05-10,25.08,25.16,24.19,23.85,380547.59,-0.91,-3.62,24.946,24.281,24.361,433728.8,518755.96,601641.63
2018-05-09,25.1,25.7,25.1,24.79,321740.81,-0.19,-0.75,25.1,24.206,24.318,483110.94,545664.09,605366.47
2018-05-08,25.0,25.4,25.29,24.51,421354.53,0.09,0.36,24.866,23.954,24.247,543907.81,599177.37,621841.61
2018-05-07,25.06,25.66,25.2,24.71,444115.03,0.25,1.0,24.438,23.933,24.132,566005.66,605602.08,626391.43
2018-05-04,24.6,25.99,24.95,24.58,600886.06,-0.01,-0.04,24.036,24.017,24.059,614070.17,640123.11,640816.62
2018-05-03,24.15,24.96,24.96,22.71,627458.25,1.03,4.3,23.616,24.181,24.004,603783.12,676989.52,650310.78
2018-05-02,23.4,24.88,23.93,23.35,625725.19,0.78,3.37,23.312,24.187,23.987,608217.25,694939.91,659782.06
2018-04-27,23.36,23.46,23.15,21.72,531843.75,-0.04,-0.17,23.042,24.375,23.987,654446.94,744837.27,666370.62
2018-04-26,22.83,24.1,23.19,22.74,684437.62,0.34,1.49,23.428,24.406,24.024,645198.51,729852.81,683329.27
2018-04-25,23.03,23.75,22.85,22.75,549450.81,-0.59,-2.52,23.998,24.386,24.084,666176.04,691783.72,719341.88
2018-04-24,22.44,23.58,23.44,21.73,649628.88,0.86,3.81,24.746,24.441,24.063,750195.92,684527.3,731565.15
2018-04-23,25.35,25.43,22.58,22.57,856873.62,-2.5,-9.97,25.062,24.429,23.91,781662.56,665068.85,727220.0
2018-04-20,25.66,26.09,25.08,24.8,485601.62,-0.96,-3.69,25.708,24.539,23.841,835227.61,644505.85,709203.87
2018-04-19,26.0,26.75,26.04,25.52,789325.25,-0.55,-2.07,25.384,24.331,23.657,814507.11,647180.77,711721.7
2018-04-18,24.93,27.14,26.59,24.5,969550.25,1.57,6.28,24.774,24.1,23.462,717391.41,641510.13,708622.81
2018-04-17,25.71,26.0,25.02,24.31,806962.06,-0.79,-3.06,24.136,23.826,23.188,618858.67,623632.03,691854.0
2018-04-16,23.15,25.81,25.81,23.05,1124698.88,2.35,10.02,23.796,23.787,22.949,548475.13,624624.22,672062.78
2018-04-13,23.25,23.9,23.46,22.93,381999.12,0.47,2.04,23.37,23.598,22.684,453784.08,587903.96,638644.69
2018-04-12,23.4,23.68,22.99,22.9,303746.75,-0.41,-1.75,23.278,23.641,22.516,479854.42,636805.72,655042.67
2018-04-11,23.28,24.13,23.4,23.19,476886.53,0.08,0.34,23.426,23.782,22.429,565628.85,746900.03,676946.77
2018-04-10,23.52,23.6,23.32,22.7,455044.38,-0.36,-1.52,23.516,23.684,22.336,628405.39,778603.01,694215.32
2018-04-09,22.86,24.19,23.68,22.48,651243.62,0.68,2.96,23.778,23.39,22.215,700773.31,789371.15,710530.36
2018-04-04,23.5,23.6,23.0,22.71,512350.84,-0.73,-3.08,23.826,23.142,22.084,722023.83,773901.89,717538.67
2018-04-03,23.3,23.79,23.73,22.53,732618.88,-0.12,-0.5,24.004,22.983,21.965,793757.01,776262.63,714907.42
2018-04-02,24.7,24.95,23.85,23.83,790769.25,-0.78,-3.17,24.138,22.824,21.804,928171.21,775735.49,708149.91
2018-03-30,24.4,24.95,24.63,24.05,816883.94,0.71,2.97,23.852,22.549,21.666,928800.63,760075.97,704904.17
2018-03-29,24.19,24.55,23.92,23.16,757496.25,0.03,0.13,23.002,22.111,21.445,877968.99,719501.33,717209.29
2018-03-28,23.69,24.35,23.89,23.6,871016.75,-0.51,-2.09,22.458,21.769,21.279,825779.96,689385.43,723682.8
2018-03-27,23.11,24.66,24.4,22.5,1404689.88,1.98,8.83,21.962,21.39,21.02,758768.24,673279.61,700399.85
2018-03-26,20.3,22.42,22.42,20.3,793916.31,2.04,10.01,21.51,21.075,20.735,623299.77,606993.51,660090.79
2018-03-23,20.09,21.2,20.38,19.85,562725.75,-0.82,-3.87,21.246,20.988,20.504,591351.31,609827.63,635622.82
2018-03-22,21.53,22.02,21.2,21.18,496551.09,-0.21,-0.98,21.22,21.04,20.356,561033.67,631689.57,614556.29
2018-03-21,22.08,22.19,21.41,21.32,535958.19,-0.73,-3.3,21.08,21.026,20.164,552990.89,661175.45,597471.53
2018-03-20,21.01,22.2,22.14,20.92,727347.5,1.04,4.93,20.818,20.947,19.95,587790.98,653552.22,577429.2
2018-03-19,20.4,21.65,21.1,20.07,634174.0,0.85,4.2,20.64,20.783,19.706,590687.26,640564.32,560277.69
2018-03-16,20.43,20.82,20.25,20.15,411137.59,-0.25,-1.22,20.73,20.783,19.469,628303.96,649732.37,535008.64
2018-03-15,20.19,20.58,20.5,19.85,456337.19,0.4,1.99,20.86,20.779,19.248,702345.46,714917.25,521856.79
2018-03-14,21.0,21.45,20.1,20.0,709958.62,-1.15,-5.41,20.972,20.788,19.037,769360.01,757980.17,505806.01
2018-03-13,21.37,22.29,21.25,21.17,741828.88,-0.3,-1.39,21.076,20.65,18.823,719313.46,727520.09,478144.08
2018-03-12,21.1,22.23,21.55,20.99,822257.5,0.65,3.11,20.926,20.395,18.547,690441.39,713188.07,450850.75
2018-03-09,20.91,21.74,20.9,20.82,781345.12,-0.16,-0.76,20.836,20.02,18.28,671160.79,661418.02,413891.94
2018-03-08,20.4,21.5,21.06,20.34,791409.94,0.44,2.13,20.698,19.671,18.047,727489.04,597423.02,380706.42
2018-03-07,20.44,20.93,20.62,20.17,459725.84,0.12,0.58,20.604,19.302,17.795,746600.32,533767.61,351311.42
2018-03-06,20.94,20.94,20.5,20.15,597468.56,-0.6,-2.84,20.224,18.953,17.608,735726.72,501306.19,335186.2
2018-03-05,20.5,21.18,21.1,20.16,725854.5,0.89,4.4,19.864,18.628,17.428,735934.76,479991.05,311030.69
2018-03-02,21.31,21.45,20.21,20.1,1062986.38,-0.38,-1.85,19.204,18.154,17.213,651675.24,420284.9,284128.21
2018-03-01,18.71,20.59,20.59,18.66,886966.31,1.87,9.99,18.644,17.716,17.07,467356.99,328796.32,239706.56
2018-02-28,18.35,19.1,18.72,18.29,405357.84,0.02,0.11,18.0,17.285,16.908,320934.9,253631.85,204250.29
2018-02-27,18.06,19.26,18.7,18.06,598508.75,0.9,5.06,17.682,16.996,16.855,266885.66,228768.08,194377.28
2018-02-26,17.75,18.05,17.8,17.41,304556.94,0.39,2.24,17.392,16.699,16.79,224047.34,188513.43,173083.44
2018-02-23,17.37,17.58,17.41,17.24,141395.09,0.04,0.23,17.104,16.539,16.76,188894.56,166365.86,167270.97
2018-02-22,17.25,17.74,17.37,17.16,154855.89,0.24,1.4,16.788,16.423,16.739,190235.65,163989.82,167552.93
2018-02-14,17.4,17.4,17.13,16.87,135111.64,-0.12,-0.7,16.57,16.288,16.716,186328.8,168855.23,165892.79
2018-02-13,16.61,18.0,17.25,16.42,384317.12,0.89,5.44,16.31,16.263,16.712,190650.49,169066.22,171879.41
2018-02-12,15.99,16.54,16.36,15.95,128793.07,0.53,3.35,16.006,16.228,16.702,152979.53,142070.34,173576.25
2018-02-09,15.75,16.14,15.83,15.62,148100.52,-0.45,-2.76,15.974,16.271,16.767,143837.16,147971.53,183516.34
2018-02-08,15.8,16.29,16.28,15.75,135321.64,0.45,2.84,16.058,16.424,16.9,137743.98,150616.79,187992.38
2018-02-07,15.95,16.09,15.83,15.38,156720.12,0.1,0.64,16.006,16.53,17.038,151381.66,154868.73,198623.38
2018-02-06,15.8,16.11,15.73,15.2,195962.28,-0.47,-2.9,16.216,16.714,17.193,147481.94,159986.48,203928.68
2018-02-05,15.99,16.31,16.2,15.86,83081.24,-0.05,-0.31,16.45,16.88,17.342,131161.15,157653.46,203610.95
2018-02-02,16.0,16.41,16.25,15.82,117634.64,0.23,1.44,16.568,16.98,17.471,152105.89,168176.08,223640.19
2018-02-01,16.9,17.07,16.02,15.7,203510.0,-0.86,-5.09,16.79,17.054,17.643,163489.6,171116.05,231393.84
2018-01-31,17.1,17.17,16.88,16.67,137221.52,-0.02,-0.12,17.054,17.144,17.838,158355.8,162930.35,237136.89
2018-01-30,16.73,17.13,16.9,16.69,114358.34,0.11,0.66,17.212,17.161,18.003,172491.03,174692.6,248373.72
2018-01-29,17.21,17.28,16.79,16.77,187804.95,-0.57,-3.28,17.31,17.175,18.168,184145.77,205082.17,259190.89
2018-01-26,17.29,17.6,17.36,17.09,174553.2,0.02,0.12,17.392,17.263,18.322,184246.27,219061.15,260519.14
2018-01-25,17.5,17.8,17.34,17.33,177841.0,-0.33,-1.87,17.318,17.375,18.429,178742.49,225367.97,264529.0
2018-01-24,17.34,17.73,17.67,17.12,207897.64,0.28,1.61,17.234,17.545,18.548,167504.9,242378.03,270230.02
2018-01-23,17.15,17.64,17.39,17.08,172632.05,0.19,1.1,17.11,17.672,18.674,176894.17,247870.88,274780.06
2018-01-22,16.93,17.34,17.2,16.64,188307.44,0.21,1.24,17.04,17.803,18.78,226018.56,249568.45,278278.09
2018-01-19,16.97,17.25,16.99,16.91,147034.31,0.07,0.41,17.134,17.962,18.918,253876.04,279104.31,282292.37
2018-01-18,16.93,17.09,16.92,16.85,121653.04,-0.13,-0.76,17.432,18.231,19.079,271993.46,291671.64,292987.41
2018-01-17,16.92,17.23,17.05,16.56,254844.0,0.01,0.06,17.856,18.532,19.233,317251.16,311343.42,305267.35
2018-01-16,17.64,17.82,17.04,16.9,418254.03,-0.63,-3.56,18.234,18.845,19.379,318847.58,322054.83,310872.1
2018-01-15,18.3,18.3,17.67,17.55,327594.81,-0.81,-4.38,18.566,19.16,19.475,273118.34,313299.61,303469.11
2018-01-12,18.95,19.06,18.48,18.43,237621.42,-0.56,-2.94,18.79,19.381,19.57,304332.58,301977.13,306163.0
2018-01-11,18.72,19.08,19.04,18.18,347941.56,0.1,0.53,19.03,19.482,19.632,311349.82,303690.03,311681.64
2018-01-10,18.77,19.15,18.94,18.57,262826.09,0.24,1.28,19.208,19.55,19.644,305435.68,298082.01,306260.12
2018-01-09,18.72,18.75,18.7,18.52,189607.8,-0.09,-0.48,19.456,19.675,19.666,325262.08,301689.24,310892.89
2018-01-08,19.42,19.48,18.79,18.5,483666.03,-0.89,-4.52,19.754,19.757,19.701,353480.89,306987.73,329714.95
2018-01-05,19.95,20.19,19.68,19.68,272707.62,-0.25,-1.25,19.972,19.873,19.685,299621.68,285480.44,320037.1
2018-01-04,20.18,20.35,19.93,19.83,318370.88,-0.25,-1.24,19.934,19.926,19.604,296030.25,294303.19,316608.34
2018-01-03,20.15,20.4,20.18,19.95,361958.09,-0.01,-0.05,19.892,19.934,19.522,290728.33,299191.28,314724.22
2018-01-02,20.0,20.27,20.19,19.82,330701.81,0.31,1.56,19.894,19.912,19.403,278116.39,299689.36,318916.27
2017-12-29,19.46,19.99,19.88,19.4,214370.02,0.39,2.0,19.76,19.789,19.339,260494.57,293638.61,314721.27
2017-12-28,19.58,20.13,19.49,19.45,254750.44,-0.23,-1.17,19.774,19.758,19.301,271339.19,310348.87,319638.0
2017-12-27,20.18,20.38,19.72,19.72,291861.28,-0.47,-2.33,19.918,19.782,19.265,292576.12,319673.26,321216.85
2017-12-26,19.58,20.2,20.19,19.31,298898.41,0.67,3.43,19.976,19.738,19.23,307654.24,314438.23,325706.24
2017-12-25,19.72,20.13,19.52,19.45,242592.69,-0.43,-2.15,19.93,19.657,19.195,321262.32,320096.54,329458.95
2017-12-22,20.2,20.41,19.95,19.79,268593.12,-0.26,-1.29,19.818,19.645,19.162,326782.66,352442.18,340309.62
2017-12-21,19.8,20.47,20.21,19.65,360935.12,0.2,1.0,19.742,19.497,19.144,349358.56,354593.76,350281.06
2017-12-20,19.88,20.25,20.01,19.71,367251.84,0.05,0.25,19.646,19.282,19.148,346770.39,338913.5,362582.03
2017-12-19,19.01,19.98,19.96,19.01,366938.84,1.0,5.27,19.5,19.11,19.235,321222.22,330257.16,391575.01
2017-12-18,19.79,19.94,18.96,18.9,270194.38,-0.61,-3.12,19.384,18.894,19.355,318930.76,338143.18,422841.66
2017-12-15,19.73,20.15,19.57,19.56,381472.62,-0.16,-0.81,19.472,18.889,19.522,378101.7,335803.92,456343.19
2017-12-14,19.19,19.79,19.73,19.14,347994.25,0.45,2.33,19.252,18.844,19.568,359828.97,328927.13,473926.7
2017-12-13,19.05,19.33,19.28,18.91,239511.0,-0.1,-0.52,18.918,18.748,19.638,331056.61,322760.45,489071.84
2017-12-12,19.49,19.75,19.38,19.24,355481.56,-0.02,-0.1,18.72,18.722,19.723,339292.11,336974.26,510739.99
2017-12-11,19.46,19.95,19.4,19.17,566049.06,0.93,5.04,18.404,18.733,19.823,357355.6,338821.35,548755.8
2017-12-08,17.97,18.62,18.47,17.91,290108.97,0.41,2.27,18.306,18.678,19.858,293506.13,328177.05,545018.28
2017-12-07,18.25,18.45,18.06,18.02,204132.48,-0.23,-1.26,18.436,18.79,19.902,298025.28,345968.35,544731.09
2017-12-06,17.8,18.32,18.29,17.52,280688.47,0.49,2.75,18.578,19.014,19.958,314464.29,386250.57,545101.25
2017-12-05,18.8,18.99,17.8,17.5,445799.03,-1.11,-5.87,18.724,19.359,20.003,334656.41,452892.87,544543.78
2017-12-04,19.2,19.28,18.91,18.7,246801.72,-0.21,-1.1,19.062,19.815,20.078,320287.09,507540.14,538999.58
2017-12-01,18.63,19.34,19.12,18.6,312704.72,0.35,1.86,19.05,20.155,20.061,362847.97,576882.46,534831.29
2017-11-30,18.81,19.2,18.77,18.62,286327.53,-0.25,-1.31,19.144,20.291,20.02,393911.41,618926.27,529359.81
2017-11-29,19.4,19.5,19.02,18.58,381649.03,-0.47,-2.41,19.45,20.527,20.0,458036.84,655383.22,523938.74
2017-11-28,18.87,19.67,19.49,18.81,373952.47,0.64,3.4,19.994,20.724,19.951,571129.33,684505.73,513370.26
2017-11-27,19.83,20.04,18.85,18.4,459606.12,-0.74,-3.78,20.568,20.912,19.863,694793.18,758690.25,501391.83
2017-11-24,20.15,20.64,19.59,19.4,468021.91,-0.71,-3.5,21.26,21.038,19.813,790916.95,761859.5,488499.37
2017-11-23,21.49,21.61,20.3,20.3,606954.69,-1.44,-6.62,21.438,21.013,19.745,843941.13,743493.84,470972.05
2017-11-22,22.13,23.19,21.74,21.37,947111.44,-0.62,-2.77,21.604,20.902,19.657,852729.59,703951.93,447585.36
2017-11-21,22.03,22.69,22.36,21.65,992271.75,0.05,0.22,21.454,20.647,19.492,797882.14,636194.7,405237.94
2017-11-20,20.5,22.39,22.31,20.35,940224.94,1.83,8.94,21.256,20.34,19.289,822587.31,570459.01,362211.28
2017-11-17,21.35,21.75,20.48,20.25,733142.81,-0.65,-3.08,20.816,19.967,19.106,732802.05,492780.12,322337.2
2017-11-16,21.25,21.74,21.13,20.73,650897.0,0.14,0.67,20.588,19.749,19.006,643046.55,439793.35,291733.28
2017-11-15,21.65,21.77,20.99,20.6,672874.19,-0.38,-1.78,20.2,19.473,18.853,555174.28,392494.26,267659.14
2017-11-14,20.2,22.01,21.37,20.1,1115797.62,1.26,6.27,19.84,19.177,18.721,474507.26,342234.8,242989.92
2017-11-13,19.28,20.28,20.11,19.09,491298.62,0.77,3.98,19.424,18.813,18.581,318330.71,244093.4,198657.2
2017-11-10,19.05,19.77,19.34,19.05,284365.31,0.15,0.78,19.118,18.587,18.527,252758.18,215139.24,186308.73
2017-11-09,19.1,19.37,19.19,18.91,211535.66,0.0,0.0,18.91,18.476,18.538,236540.15,198450.26,181350.75
2017-11-08,19.33,19.44,19.19,18.94,269539.09,-0.1,-0.52,18.746,18.412,18.563,229814.23,191218.79,181346.08
2017-11-07,18.59,19.35,19.29,18.59,334914.88,0.71,3.82,18.514,18.336,18.585,209962.33,174281.19,187824.44
2017-11-06,18.19,18.75,18.58,18.16,163435.97,0.28,1.53,18.202,18.237,18.636,169856.09,153963.54,198752.85
2017-11-03,18.5,18.69,18.3,18.2,203275.16,-0.07,-0.38,18.056,18.245,18.688,177520.3,151894.29,205260.89
2017-11-02,18.1,18.5,18.37,17.9,177906.05,0.34,1.89,18.042,18.263,18.733,160360.36,143673.22,205444.23
2017-11-01,17.77,18.38,18.03,17.73,170279.59,0.3,1.69,18.078,18.233,18.777,152623.36,142824.02,213975.51
2017-10-31,17.86,17.94,17.73,17.46,134383.7,-0.12,-0.67,18.158,18.265,18.832,138600.04,143745.04,216832.59
2017-10-30,18.25,18.48,17.85,17.69,201757.0,-0.38,-2.08,18.272,18.349,18.893,138070.99,153220.99,219693.3
2017-10-27,18.57,18.67,18.23,18.2,117475.45,-0.32,-1.73,18.434,18.467,18.943,126268.28,157478.23,221778.08
2017-10-26,18.43,18.74,18.55,18.32,139221.05,0.12,0.65,18.484,18.6,18.992,126986.07,164251.25,234121.47
2017-10-25,18.22,18.54,18.43,18.22,100163.02,0.13,0.71,18.388,18.713,19.049,133024.67,171473.36,250836.36
2017-10-24,18.58,18.58,18.3,18.12,131738.41,-0.36,-1.93,18.372,18.834,19.142,148890.03,201367.69,274755.53
2017-10-23,18.48,18.84,18.66,18.33,142743.45,0.18,0.97,18.426,19.035,19.214,168370.99,243542.16,297054.57
2017-10-20,18.12,18.49,18.48,18.0,121064.43,0.41,2.27,18.5,19.131,19.286,188688.17,258627.5,323051.27
2017-10-19,18.31,18.49,18.07,17.98,169414.05,-0.28,-1.53,18.716,19.202,19.352,201516.43,267215.24,341510.12
2017-10-18,18.63,18.84,18.35,18.21,179489.81,-0.22,-1.19,19.038,19.32,19.443,209922.05,285127.01,379770.02
2017-10-17,19.03,19.1,18.57,18.54,229143.22,-0.46,-2.42,19.296,19.399,19.502,253845.34,289920.13,410866.55
2017-10-16,19.68,19.84,19.03,19.03,244329.36,-0.53,-2.71,19.644,19.436,19.568,318713.32,286165.62,475217.77
2017-10-13,19.62,19.86,19.56,19.46,185205.7,-0.12,-0.61,19.762,19.419,19.526,328566.83,286077.94,482883.77
2017-10-12,19.63,20.07,19.68,19.58,211442.16,0.04,0.2,19.688,19.383,19.455,332914.06,303991.68,486411.8
2017-10-11,20.19,20.4,19.64,19.61,399106.28,-0.67,-3.3,19.602,19.385,19.389,360331.98,330199.35,496193.4
2017-10-10,19.6,20.89,20.31,19.55,553483.12,0.69,3.52,19.502,19.449,19.342,325994.92,348143.37,493026.08
2017-10-09,19.66,19.89,19.62,19.45,293596.88,0.43,2.24,19.228,19.393,19.253,253617.91,350566.99,483280.71
2017-09-29,19.23,19.36,19.19,19.12,206941.86,-0.06,-0.31,19.076,19.441,19.202,243589.06,387475.04,502262.01
2017-09-28,19.06,19.83,19.25,19.04,348531.75,0.11,0.57,19.078,19.501,19.13,275069.31,415804.99,505923.25
2017-09-27,18.9,19.33,19.14,18.76,227421.0,0.2,1.06,19.168,19.565,19.037,300066.73,474413.02,497791.68
2017-09-26,18.8,18.98,18.94,18.66,191598.08,0.08,0.42,19.396,19.604,18.957,370291.83,531812.97,495002.66
2017-09-25,19.28,19.47,18.86,18.84,243452.59,-0.34,-1.77,19.558,19.699,18.89,447516.06,664269.91,494903.59
2017-09-22,19.7,19.88,19.2,19.06,364343.12,-0.5,-2.54,19.806,19.633,18.835,531361.02,679689.6,501102.59
2017-09-21,20.33,20.48,19.7,19.55,473518.84,-0.58,-2.86,19.924,19.527,18.754,556540.67,668831.92,497233.25
2017-09-20,19.71,20.48,20.28,19.52,578546.5,0.53,2.68,19.962,19.392,18.637,648759.31,662187.44,489540.58
2017-09-19,20.02,20.5,19.75,19.49,577719.25,-0.35,-1.74,19.812,19.235,18.513,693334.11,637908.78,495542.68
2017-09-18,20.38,20.58,20.1,19.91,662677.38,0.31,1.57,19.84,19.113,18.374,881023.76,615994.43,476640.8
2017-09-15,19.6,20.16,19.79,19.48,490241.38,-0.1,-0.5,19.46,18.962,18.22,828018.18,617048.98,454747.78
2017-09-14,19.58,20.35,19.89,19.43,934612.06,0.36,1.84,19.13,18.758,18.073,781123.16,596041.51,441673.96
2017-09-13,19.9,19.99,19.53,19.2,801420.5,-0.36,-1.81,18.822,18.509,17.924,675615.57,521170.34,416003.6
2017-09-12,18.26,20.02,19.89,18.22,1516167.5,1.69,9.29,18.658,18.31,17.776,582483.45,458192.36,388864.28
2017-09-11,19.0,19.19,18.2,18.17,397649.47,0.06,0.33,18.386,18.08,17.594,350965.1,325537.27,319372.5
2017-09-08,18.35,18.47,18.14,17.95,255766.28,-0.21,-1.14,18.464,18.037,17.496,406079.78,322515.58,308604.76
2017-09-07,19.05,19.22,18.35,18.35,407074.12,-0.36,-1.92,18.386,17.981,17.377,410959.85,325634.58,301255.59
2017-09-06,18.42,18.74,18.71,18.23,335759.88,0.18,0.97,18.196,17.881,17.257,366725.11,316893.71,285821.9
2017-09-05,18.68,18.93,18.53,18.41,358575.75,-0.06,-0.32,17.962,17.79,17.129,333901.27,353176.58,274110.42
2017-09-04,17.76,19.0,18.59,17.69,673222.88,0.84,4.73,17.774,17.635,17.017,300109.43,337287.17,262419.88
2017-09-01,17.4,17.88,17.75,17.27,280166.62,0.35,2.01,17.61,17.478,16.897,238951.38,292446.57,236303.27
2017-08-31,17.53,17.6,17.4,17.24,185900.44,-0.14,-0.8,17.576,17.387,16.807,240309.31,287306.42,229230.43
2017-08-30,17.52,17.76,17.54,17.45,171640.64,-0.05,-0.28,17.566,17.338,16.731,267062.3,310836.85,230562.38
2017-08-29,17.68,17.79,17.59,17.45,189616.59,-0.18,-1.01,17.618,17.242,16.662,372451.9,319536.2,229551.66
2017-08-28,17.67,18.06,17.77,17.37,367432.62,0.19,1.08,17.496,17.107,16.61,374464.91,313207.74,226988.07
2017-08-25,17.35,17.62,17.58,17.12,286956.28,0.23,1.33,17.346,16.955,16.559,345941.76,294693.93,218421.86
2017-08-24,17.57,17.68,17.35,17.21,319665.38,-0.45,-2.53,17.198,16.772,16.522,334303.52,276876.61,223799.0
2017-08-23,16.99,18.5,17.8,16.7,698588.62,0.82,4.83,17.11,16.633,16.488,354611.4,254750.1,222544.86
2017-08-22,17.15,17.2,16.98,16.66,199681.64,-0.04,-0.23,16.866,16.468,16.425,266620.51,195044.26,193806.84
2017-08-21,16.96,17.4,17.02,16.8,224816.86,0.18,1.07,16.718,16.398,16.403,251950.57,187552.58,192599.99
2017-08-18,16.77,17.26,16.84,16.68,228765.12,-0.07,-0.41,16.564,16.316,16.41,243446.1,180159.98,191940.48
2017-08-17,16.5,17.61,16.91,16.42,421204.75,0.33,1.99,16.346,16.226,16.459,219449.69,171154.44,188953.76
2017-08-16,16.16,16.73,16.58,16.12,258634.16,0.34,2.09,16.156,16.124,16.509,154888.79,150287.91,175357.19
2017-08-15,16.21,16.44,16.24,16.12,126331.97,-0.01,-0.06,16.07,16.082,16.553,123468.0,139567.12,166863.82
2017-08-14,15.73,16.38,16.25,15.73,182294.52,0.5,3.17,16.078,16.113,16.627,123154.6,140768.41,167334.71
2017-08-11,15.91,16.12,15.75,15.71,108783.03,-0.21,-1.32,16.068,16.163,16.696,116873.85,142149.79,163594.89
2017-08-10,16.1,16.25,15.96,15.88,98400.29,-0.19,-1.18,16.106,16.271,16.779,122859.19,170721.4,164290.53
2017-08-09,16.22,16.4,16.15,16.1,101530.21,-0.13,-0.8,16.092,16.342,16.863,145687.03,190339.63,164453.78
2017-08-08,16.18,16.28,16.28,15.97,124764.93,0.08,0.49,16.094,16.381,16.933,155666.24,192569.43,163472.93
2017-08-07,15.95,16.41,16.2,15.92,150890.77,0.26,1.63,16.148,16.408,16.996,158382.22,197647.41,161583.48
2017-08-04,15.94,16.19,15.94,15.86,138709.75,0.05,0.32,16.258,16.504,17.052,167425.73,203720.98,158606.44
2017-08-03,16.0,16.28,15.89,15.73,212539.48,-0.27,-1.67,16.436,16.692,17.13,218583.61,206753.09,159011.21
2017-08-02,16.4,16.47,16.16,16.15,151426.27,-0.39,-2.36,16.592,16.894,17.195,234992.22,200426.47,150966.71
2017-08-01,16.71,16.71,16.55,16.42,138344.83,-0.2,-1.19,16.668,17.024,17.245,229472.62,194160.52,147249.21
2017-07-31,16.62,16.82,16.75,16.38,196108.3,-0.08,-0.47,16.668,17.14,17.278,236912.59,193901.02,143846.14
2017-07-28,16.97,17.44,16.83,16.65,394499.19,0.16,0.96,16.75,17.228,17.295,240016.23,185040.0,138343.61
2017-07-27,15.22,16.67,16.67,15.22,294582.53,1.52,10.03,16.948,17.286,17.314,194922.56,157859.65,122557.16
2017-07-18,16.5,16.68,16.54,16.31,123828.24,-0.01,-0.06,17.196,17.384,17.349,165860.71,138567.94,111808.62
2017-07-17,17.0,17.11,16.55,16.3,175544.69,-0.61,-3.56,17.38,17.485,17.402,158848.42,134376.43,110274.86
2017-07-14,17.6,17.64,17.16,17.11,211626.52,-0.66,-3.7,17.612,17.583,17.453,150889.45,125519.55,105276.27
2017-07-13,18.1,18.28,17.82,17.78,169030.81,-0.09,-0.5,17.706,17.599,17.463,130063.76,113491.9,97068.42
2017-07-12,17.47,17.92,17.91,17.26,149273.27,0.45,2.58,17.624,17.567,17.446,120796.75,111269.34,92600.14
2017-07-11,17.65,17.75,17.46,17.42,88766.8,-0.25,-1.41,17.572,17.496,17.413,111275.18,101506.95,87390.98
2017-07-10,17.56,17.85,17.71,17.48,135749.84,0.08,0.45,17.59,17.465,17.405,109904.44,100337.91,85800.2
2017-07-07,17.45,17.69,17.63,17.39,107498.06,0.22,1.26,17.554,17.416,17.379,100149.65,93791.26,82558.1
2017-07-06,17.53,17.61,17.41,17.31,122695.78,-0.24,-1.36,17.492,17.361,17.379,96920.04,91647.22,80714.06
2017-07-05,17.53,17.68,17.65,17.45,101665.41,0.1,0.57,17.51,17.341,17.399,101741.93,87254.68,78869.43
2017-07-04,17.52,17.69,17.55,17.46,81913.11,0.02,0.11,17.42,17.314,17.415,91738.73,85049.3,79799.77
2017-07-03,17.32,17.55,17.53,17.21,86975.87,0.21,1.21,17.34,17.319,17.425,90771.37,86173.3,80629.51
2017-06-30,17.42,17.52,17.32,17.14,91350.04,-0.18,-1.03,17.278,17.323,17.444,87432.87,85033.0,82720.14
2017-06-29,17.24,17.76,17.5,17.15,146805.23,0.3,1.74,17.23,17.327,17.463,86374.39,80644.94,82977.71
2017-06-28,17.17,17.28,17.2,17.06,51649.38,0.05,0.29,17.172,17.324,17.472,72767.42,73930.94,81733.84
2017-06-27,17.25,17.35,17.15,17.12,77076.35,-0.07,-0.41,17.208,17.329,17.501,78359.87,73275.0,84311.06
2017-06-26,17.1,17.42,17.22,17.09,70283.33,0.14,0.82,17.298,17.345,17.527,81575.23,71262.5,89245.43
2017-06-23,17.16,17.28,17.08,16.9,86057.68,-0.13,-0.76,17.368,17.341,17.541,82633.14,71324.95,94312.0
2017-06-22,17.39,17.58,17.21,17.09,78770.35,-0.17,-0.98,17.424,17.397,17.546,74915.48,69780.91,98804.64
2017-06-21,17.68,17.71,17.38,17.31,79611.66,-0.22,-1.25,17.476,17.456,17.541,75094.46,70484.19,107092.79
2017-06-20,17.63,17.83,17.6,17.57,93153.11,0.03,0.17,17.45,17.516,17.593,68190.13,74550.24,127430.17
2017-06-19,17.36,17.63,17.57,17.36,75572.88,0.21,1.21,17.392,17.53,17.634,60949.77,75085.73,139926.13
2017-06-16,17.5,17.57,17.36,17.32,47469.4,-0.11,-0.63,17.314,17.565,17.593,60016.76,80407.27,138390.65
2017-06-15,17.24,17.64,17.47,17.23,79665.27,0.22,1.27,17.37,17.598,17.577,64646.34,85310.48,139058.15
2017-06-14,17.31,17.39,17.25,17.23,45090.0,-0.06,-0.35,17.436,17.62,17.563,65873.92,89536.74,138610.49
2017-06-13,17.18,17.4,17.31,17.18,56951.32,0.13,0.76,17.582,17.672,17.549,80910.34,95347.12,141420.31
2017-06-12,17.5,17.57,17.18,17.15,70907.81,-0.46,-2.61,17.668,17.708,17.522,89221.68,107228.35,141968.87
2017-06-09,17.8,17.81,17.64,17.51,70617.28,-0.16,-0.9,17.816,17.741,17.493,100797.78,117299.05,143731.77
2017-06-08,17.95,18.06,17.8,17.75,85803.18,-0.18,-1.0,17.826,17.695,17.443,105974.62,127828.38,144446.9
2017-06-07,17.66,18.06,17.98,17.62,120272.1,0.24,1.35,17.804,17.626,17.404,113199.56,143701.39,148346.21
2017-06-06,17.78,17.8,17.74,17.57,98508.01,-0.18,-1.0,17.762,17.669,17.396,109783.91,180310.1,148396.86
2017-06-05,17.69,18.24,17.92,17.5,128788.33,0.23,1.3,17.748,17.738,17.433,125235.03,204766.53,146805.57
2017-06-02,17.51,17.79,17.69,17.1,96501.5,0.0,0.0,17.666,17.621,17.477,133800.31,196374.03,143874.67
2017-06-01,17.67,17.75,17.69,16.91,121927.85,-0.08,-0.45,17.564,17.556,17.544,149682.13,192805.82,142636.01
2017-05-31,17.82,17.98,17.77,17.54,103193.84,0.13,0.74,17.448,17.505,17.606,174203.21,187684.23,139496.65
2017-05-26,17.46,18.29,17.67,17.28,175763.64,0.16,0.91,17.576,17.425,17.674,250836.3,187493.5,137401.67
2017-05-25,17.08,17.83,17.51,16.79,171614.72,0.33,1.92,17.728,17.335,17.748,284298.04,176709.39,133548.63
2017-05-24,16.93,17.79,17.18,16.31,175910.59,0.07,0.41,17.576,17.245,17.839,258947.75,170164.49,129212.7
2017-05-23,17.7,17.8,17.11,17.1,244533.28,-1.3,-7.06,17.548,17.191,17.955,235929.52,161065.42,126855.25
2017-05-22,18.15,19.39,18.41,17.92,486359.28,-0.02,-0.11,17.562,17.182,18.067,201165.25,152991.04,123556.84
2017-05-19,16.78,18.43,18.43,16.73,343072.31,1.68,10.03,17.274,17.122,18.092,124150.69,116483.62,101168.58
2017-05-18,16.9,17.03,16.75,16.74,44863.29,-0.29,-1.7,16.942,17.128,18.114,69120.74,88844.62,86854.27
2017-05-17,17.1,17.26,17.04,16.98,60819.43,-0.14,-0.81,16.914,17.333,18.228,81381.22,91375.31,87651.87
2017-05-16,16.8,17.19,17.18,16.55,70711.96,0.21,1.24,16.834,17.531,18.319,86201.33,92466.21,86879.71
2017-05-15,17.76,17.85,16.97,16.95,101286.45,0.2,1.19,16.802,17.706,18.414,104816.83,91309.06,85460.23
2017-05-12,16.65,16.85,16.77,16.52,67922.55,0.16,0.96,16.97,17.923,18.517,108816.55,87309.85,83513.97
2017-05-11,16.6,16.75,16.61,16.04,106165.71,-0.03,-0.18,17.314,18.161,18.647,108568.49,90387.88,82383.53
2017-05-10,16.92,17.16,16.64,16.59,84919.97,-0.38,-2.23,17.752,18.432,18.793,101369.4,88260.91,79424.58
2017-05-09,17.71,17.8,17.02,16.47,163789.48,-0.79,-4.44,18.228,18.718,18.946,98731.08,92645.08,80052.79
2017-05-08,18.21,18.3,17.81,17.51,121285.03,-0.68,-3.68,18.61,18.951,19.059,77801.3,94122.64,75278.05
2017-05-05,18.76,18.8,18.49,18.49,66682.28,-0.31,-1.65,18.876,19.061,19.153,65803.16,85853.55,72452.37
2017-05-04,18.94,18.98,18.8,18.8,70170.22,-0.22,-1.16,19.008,19.099,19.216,72207.27,84863.92,73952.07
2017-05-03,18.9,19.12,19.02,18.76,71728.41,0.09,0.47,19.112,19.122,19.247,75152.41,83928.43,74326.56
2017-05-02,18.88,19.13,18.93,18.88,59140.54,-0.21,-1.1,19.208,19.107,19.246,86559.08,81293.21,73013.22
2017-04-28,19.05,19.25,19.14,18.98,61294.35,-0.01,-0.05,19.292,19.121,19.244,110443.99,79611.4,74903.22
2017-04-27,19.29,19.3,19.15,18.7,98702.83,-0.17,-0.88,19.246,19.11,19.245,105903.93,79718.08,76715.61
2017-04-26,19.43,19.55,19.32,19.27,84895.94,-0.18,-0.92,19.19,19.132,19.263,97520.57,74379.19,75802.26
2017-04-25,19.29,19.54,19.5,19.0,128761.74,0.15,0.78,19.132,19.153,19.282,92704.44,70588.26,75469.9
2017-04-24,19.19,19.68,19.35,19.05,178565.08,0.44,2.33,19.006,19.173,19.303,76027.35,67460.5,71881.83
2017-04-21,18.87,19.05,18.91,18.81,38594.08,0.04,0.21,18.95,19.167,19.326,48778.82,56433.46,66156.43
2017-04-20,19.09,19.1,18.87,18.65,56786.01,-0.16,-0.84,18.974,19.244,19.37,53532.23,59051.2,70486.22
2017-04-19,18.82,19.05,19.03,18.64,60815.27,0.16,0.85,19.074,19.333,19.411,51237.8,63040.22,75457.14
2017-04-18,19.17,19.17,18.87,18.87,45376.3,-0.2,-1.05,19.174,19.371,19.466,48472.09,64724.7,80227.2
2017-04-17,18.94,19.15,19.07,18.94,42322.43,0.04,0.21,19.34,19.384,19.556,58893.66,64733.22,84236.69
2017-04-14,19.31,19.38,19.03,19.0,62361.14,-0.34,-1.75,19.384,19.367,19.66,64088.1,70195.03,87439.68
2017-04-13,19.59,19.67,19.37,19.35,45313.86,-0.16,-0.82,19.514,19.38,19.758,64570.17,73713.14,87777.78
2017-04-12,19.71,19.71,19.53,19.46,46986.72,-0.17,-0.86,19.592,19.394,19.832,74842.63,77225.33,89058.48
2017-04-11,19.29,19.9,19.7,19.19,97484.14,0.41,2.12,19.568,19.411,19.903,80977.31,80351.54,89685.12
2017-04-10,19.67,19.68,19.29,19.19,68294.64,-0.39,-1.98,19.428,19.432,19.959,70572.78,76303.16,87368.92
2017-04-07,19.66,19.75,19.68,19.55,64771.49,-0.08,-0.41,19.35,19.484,20.042,76301.97,75879.4,86719.05
2017-04-06,19.41,19.79,19.76,19.3,96676.16,0.35,1.8,19.246,19.495,20.116,82856.11,81921.24,88267.15
2017-04-05,18.95,19.42,19.41,18.93,77660.12,0.41,2.16,19.196,19.489,20.197,79608.02,87874.06,90377.51
2017-03-31,18.91,19.09,19.0,18.91,45461.47,0.1,0.53,19.254,19.561,20.283,79725.76,95729.69,90945.74
2017-03-30,19.21,19.32,18.9,18.81,96940.59,-0.26,-1.36,19.436,19.727,20.375,82033.53,103740.17,91473.14
2017-03-29,19.49,19.6,19.16,19.12,97542.22,-0.35,-1.79,19.618,19.953,20.478,75456.83,104684.33,89930.8
2017-03-28,19.69,19.7,19.51,19.46,80435.72,-0.19,-0.96,19.744,20.135,20.575,80986.38,101842.42,89503.29
2017-03-27,19.95,20.05,19.7,19.69,78248.81,-0.21,-1.05,19.782,20.27,20.658,96140.1,100891.63,91652.76
2017-03-24,19.85,19.96,19.91,19.72,57000.33,0.1,0.51,19.868,20.394,20.716,111733.62,99018.69,92140.58
2017-03-23,19.8,19.94,19.81,19.66,64057.09,0.02,0.1,20.018,20.485,20.785,125446.8,98434.69,94192.5
2017-03-22,19.69,19.96,19.79,19.5,125189.93,0.09,0.46,20.288,20.6,20.854,133911.83,97558.69,95543.13
2017-03-21,20.12,20.12,19.7,19.68,156204.36,-0.43,-2.14,20.526,20.736,20.914,122698.46,94613.05,92691.9
2017-03-20,20.67,20.72,20.13,20.02,156216.38,-0.53,-2.56,20.758,20.905,20.982,105643.16,92880.96,90221.04
2017-03-17,21.13,21.24,20.66,20.66,125566.22,-0.5,-2.36,20.92,21.004,21.016,86303.77,86161.79,85150.28
2017-03-16,21.02,21.22,21.16,20.98,106382.24,0.18,0.86,20.952,21.022,21.012,71422.59,79206.12,81869.19
2017-03-15,20.88,21.02,20.98,20.78,69123.11,0.12,0.57,20.912,21.002,20.991,61205.56,75177.27,78450.88
2017-03-14,20.96,21.12,20.86,20.82,70927.87,-0.08,-0.38,20.946,21.014,20.975,66527.64,77164.16,78378.32
2017-03-13,20.8,21.03,20.94,20.71,59519.41,0.12,0.58,21.052,21.046,20.984,80118.75,82413.88,78414.95
2017-03-10,21.04,21.05,20.82,20.77,51160.32,-0.14,-0.67,21.088,21.038,20.98,86019.8,85262.47,78304.26
2017-03-09,21.1,21.13,20.96,20.9,55297.1,-0.19,-0.9,21.092,21.084,20.978,86989.65,89950.31,79594.69
2017-03-08,21.42,21.49,21.15,21.08,95733.5,-0.24,-1.12,21.092,21.108,20.985,89148.98,93527.57,82575.73
2017-03-07,21.2,21.45,21.39,21.09,138883.44,0.27,1.28,21.082,21.091,20.978,87800.68,90770.75,81615.22
2017-03-06,20.96,21.2,21.12,20.8,89024.64,0.28,1.34,21.04,21.058,20.956,84709.01,87561.12,78749.78
2017-03-03,20.97,20.97,20.84,20.7,56009.55,-0.12,-0.57,20.988,21.028,20.946,84505.14,84138.78,78363.25
2017-03-02,21.2,21.28,20.96,20.92,66093.77,-0.14,-0.66,21.076,21.002,20.947,92910.96,84532.26,81898.27
2017-03-01,21.08,21.4,21.1,20.96,88991.99,-0.08,-0.38,21.124,20.98,20.89,97906.17,81724.5,78593.88
2017-02-28,20.86,21.5,21.18,20.76,123425.12,0.32,1.53,21.1,20.936,20.826,93740.83,79592.47,75888.0
2017-02-27,21.4,21.4,20.86,20.81,88005.29,-0.42,-1.97,21.076,20.921,20.757,90413.22,74416.01,71891.23
2017-02-24,21.31,21.42,21.28,21.08,98038.65,0.08,0.38,21.068,20.922,20.694,83772.41,71346.05,69036.95
2017-02-23,20.96,21.2,21.2,20.87,91069.78,0.22,1.05,20.928,20.872,20.618,76153.56,69239.08,66231.17
2017-02-22,21.0,21.06,20.98,20.85,68165.3,-0.08,-0.38,20.836,20.862,20.544,65542.83,71623.89,65078.25
2017-02-21,20.78,21.2,21.06,20.77,106787.1,0.24,1.15,20.772,20.865,20.458,65444.12,72459.68,63345.73
2017-02-20,20.57,20.98,20.82,20.5,54801.21,0.24,1.17,20.766,20.853,20.366,58418.8,69938.45,59771.26
2017-02-17,20.78,20.92,20.58,20.53,59944.4,-0.16,-0.77,20.776,20.864,20.291,58919.69,72587.72,60431.84
2017-02-16,20.65,20.79,20.74,20.56,38016.14,0.08,0.39,20.816,20.891,20.219,62324.59,79264.28,63457.65
2017-02-15,21.15,21.2,20.66,20.58,67671.73,-0.37,-1.76,20.888,20.799,20.195,77704.96,75463.26,64469.6
2017-02-14,20.88,21.4,21.03,20.81,71660.5,0.16,0.77,20.958,20.715,20.187,79475.25,72183.52,63096.48
2017-02-13,20.77,21.02,20.87,20.73,57305.66,0.09,0.43,20.94,20.592,20.164,81458.1,69366.45,62700.02
2017-02-10,21.09,21.12,20.78,20.73,76968.94,-0.32,-1.52,20.952,20.466,20.162,86255.75,66727.85,61582.84
2017-02-09,21.2,21.45,21.1,21.09,114917.95,0.09,0.43,20.966,20.364,20.166,96203.96,63223.26,60939.19
2017-02-08,20.84,21.12,21.01,20.71,76523.2,0.07,0.33,20.71,20.226,20.154,73221.57,58532.6,60284.58
2017-02-07,20.82,21.19,20.94,20.74,81574.77,0.01,0.05,20.472,20.051,20.173,64891.79,54231.78,59045.06
2017-02-06,20.83,20.99,20.93,20.52,81293.89,0.08,0.38,20.244,19.879,20.2,57274.79,49604.07,59214.01
2017-02-03,19.84,21.8,20.85,19.7,126709.98,1.03,5.2,19.98,19.717,20.216,47199.95,48275.96,58978.06
2017-02-02,17.84,19.82,19.82,17.84,6.0,0.0,0.0,19.762,19.547,20.233,30242.56,47651.03,56519.55
2017-01-26,19.82,19.99,19.82,19.8,34874.31,0.02,0.1,19.742,19.591,20.313,43843.64,53475.94,65131.28
2017-01-25,19.52,20.03,19.8,19.52,43489.79,0.19,0.97,19.63,19.659,20.367,43571.76,54009.45,65718.74
2017-01-24,19.68,19.78,19.61,19.61,30919.68,-0.15,-0.76,19.514,19.735,20.427,41933.34,56033.58,66908.31
2017-01-23,19.74,19.89,19.76,19.7,41923.01,0.04,0.2,19.454,19.857,20.506,49351.96,56437.82,70587.6
2017-01-20,19.26,19.96,19.72,19.22,68011.39,0.46,2.39,19.332,19.968,20.562,65059.5,58655.12,73632.99
2017-01-19,19.19,19.36,19.26,19.06,33514.94,0.04,0.21,19.44,20.081,20.617,63108.24,62036.55,73829.4
2017-01-18,19.27,19.37,19.22,19.19,35297.7,-0.09,-0.47,19.688,20.295,20.706,64447.13,63858.35,78801.2
2017-01-17,19.2,19.4,19.31,18.85,68012.78,0.16,0.84,19.956,20.521,20.793,70133.82,68823.95,81150.35
2017-01-16,20.22,20.22,19.15,18.64,120460.7,-1.11,-5.48,20.26,20.714,20.882,63523.68,69680.17,81384.25
2017-01-13,20.51,20.58,20.26,20.25,58255.09,-0.24,-1.17,20.604,20.919,20.989,52250.74,65388.07,78332.32
2017-01-12,20.51,20.63,20.5,20.48,40209.4,-0.06,-0.29,20.722,21.034,21.037,60964.86,76786.63,78760.2
2017-01-11,20.72,20.93,20.56,20.52,63731.15,-0.27,-1.3,20.902,21.074,21.067,63269.56,77428.03,79993.57
2017-01-10,20.87,20.99,20.83,20.81,34962.04,-0.04,-0.19,21.086,21.118,21.1,67514.07,77783.04,80514.31
2017-01-09,20.84,21.04,20.87,20.6,64096.04,0.02,0.1,21.168,21.154,21.113,75836.66,84737.39,87206.86
2017-01-06,21.39,21.4,20.85,20.83,101825.66,-0.55,-2.57,21.234,21.156,21.188,78525.39,88610.87,86802.68
2017-01-05,21.47,21.48,21.4,21.34,51732.9,-0.08,-0.37,21.346,21.152,21.268,92608.4,85622.26,85815.94
2017-01-04,21.28,21.48,21.48,21.17,84953.7,0.24,1.13,21.246,21.117,21.319,91586.49,93744.05,86420.85
2017-01-03,21.29,21.44,21.24,21.1,76574.99,0.04,0.19,21.15,21.065,21.357,88052.01,93476.76,84590.24
2016-12-30,21.33,21.63,21.2,21.09,77539.68,-0.21,-0.98,21.14,21.049,21.407,93638.11,93088.33,84799.63
2016-12-29,21.29,21.88,21.41,21.1,172240.72,0.51,2.44,21.078,21.059,21.465,98696.34,91276.57,90703.86
2016-12-28,21.0,21.1,20.9,20.8,46623.38,-0.1,-0.48,20.958,21.039,21.548,78636.12,80733.77,87097.14
2016-12-27,21.15,21.21,21.0,20.99,67281.28,-0.19,-0.9,20.988,21.059,21.663,95901.61,82559.11,89539.47
2016-12-26,20.76,21.2,21.19,20.52,104505.5,0.3,1.44,20.98,21.082,21.78,98901.51,83245.58,92837.84
2016-12-23,20.8,21.05,20.89,20.4,102830.84,0.08,0.38,20.958,21.071,21.888,92538.54,89676.34,92864.68
2016-12-22,20.97,20.98,20.81,20.7,71939.6,-0.24,-1.14,21.04,21.219,22.02,83856.79,84994.5,96359.77
2016-12-21,20.6,21.1,21.05,20.2,132950.84,0.09,0.43,21.12,21.383,22.139,82831.41,86009.62,98747.35
2016-12-20,21.12,21.16,20.96,20.88,82280.75,-0.12,-0.57,21.13,21.52,22.255,69216.61,79097.64,98889.07
2016-12-19,21.2,21.36,21.08,21.0,72690.68,-0.22,-1.03,21.184,21.648,22.389,67589.65,75703.73,99893.94
2016-12-16,21.24,21.46,21.3,21.16,59422.1,0.09,0.42,21.184,21.764,22.508,86814.14,76510.94,100949.97
2016-12-15,21.04,21.45,21.21,21.02,66812.68,0.11,0.52,21.398,21.871,22.623,86132.21,90131.16,102442.79
2016-12-14,21.27,21.33,21.1,21.01,64876.82,-0.13,-0.61,21.646,22.057,22.738,89187.84,93460.52,105791.39
2016-12-13,21.02,21.34,21.23,21.01,74145.97,0.15,0.71,21.91,22.266,22.876,88978.68,96519.83,109917.51
2016-12-12,22.37,22.43,21.08,21.01,168813.12,-1.29,-5.77,22.112,22.478,23.016,83817.81,102430.1,112083.03
2016-12-09,22.4,22.47,22.37,22.22,56012.46,-0.08,-0.36,22.344,22.704,23.161,66207.74,96053.02,112749.07
2016-12-08,22.5,22.75,22.45,22.43,82090.81,0.03,0.13,22.344,22.821,23.238,94130.11,107725.04,118077.51
2016-12-07,22.3,22.48,22.42,22.25,63831.02,0.18,0.81,22.468,22.894,23.318,97733.19,111485.08,123523.92
2016-12-06,22.28,22.5,22.24,22.24,48341.65,0.0,0.0,22.622,22.989,23.396,104060.98,118680.5,134417.13
2016-12-05,22.12,22.57,22.24,22.08,80762.77,-0.13,-0.58,22.844,23.13,23.466,121042.39,124084.15,138543.37
2016-12-02,23.02,23.06,22.37,22.37,195624.28,-0.7,-3.03,23.064,23.252,23.519,125898.3,125389.01,140281.45
2016-12-01,23.12,23.25,23.07,23.01,100106.25,-0.12,-0.52,23.298,23.375,23.574,121319.97,114754.42,136346.81
2016-11-30,23.28,23.5,23.19,23.01,95469.97,-0.16,-0.69,23.32,23.419,23.604,125236.97,118122.27,138793.3
2016-11-29,23.43,23.68,23.35,23.34,133248.7,0.01,0.04,23.356,23.486,23.628,133300.02,123315.18,140987.96
2016-11-28,23.59,23.59,23.34,23.32,105042.28,-0.2,-0.85,23.416,23.553,23.65,127125.9,121735.95,145304.78
2016-11-25,23.23,23.58,23.54,22.88,172732.64,0.36,1.55,23.44,23.618,23.695,124879.72,129445.13,151758.28
2016-11-24,23.4,23.47,23.18,23.16,119691.27,-0.19,-0.81,23.452,23.655,23.755,108188.87,128429.99,150497.22
2016-11-23,23.68,23.7,23.37,23.36,135785.2,-0.28,-1.18,23.518,23.742,23.835,111007.57,135562.76,153860.92
2016-11-22,23.49,23.67,23.65,23.39,102378.13,0.19,0.81,23.616,23.803,23.903,113330.34,150153.75,155493.11
2016-11-21,23.57,23.59,23.46,23.37,93811.36,-0.14,-0.59,23.69,23.801,23.954,116345.99,153002.59,159575.71
2016-11-18,23.55,23.71,23.6,23.42,89278.37,0.09,0.38,23.796,23.786,24.007,134010.53,155173.89,166696.45
2016-11-17,23.83,23.83,23.51,23.48,133784.81,-0.35,-1.47,23.858,23.772,24.069,148671.12,157939.2,179660.82
2016-11-16,23.98,24.18,23.86,23.85,147399.05,-0.16,-0.67,23.966,23.789,24.158,160117.95,159464.33,200752.65
2016-11-15,23.99,24.03,24.02,23.8,117456.36,0.03,0.12,23.99,23.769,24.301,186977.16,158660.73,208809.53
2016-11-14,23.93,24.07,23.99,23.76,182134.06,0.08,0.34,23.912,23.747,24.414,189659.19,168873.61,218318.81
2016-11-11,24.03,24.03,23.91,23.71,162581.3,-0.14,-0.58,23.776,23.772,24.572,176337.24,174071.43,222201.59
2016-11-10,24.15,24.18,24.05,23.85,191018.98,0.07,0.29,23.686,23.855,24.719,167207.28,172564.45,224338.23
2016-11-09,23.65,24.13,23.98,23.44,281695.09,0.35,1.48,23.612,23.928,24.865,158810.71,172159.08,233807.5
2016-11-08,23.46,23.75,23.63,23.36,130866.5,0.32,1.37,23.548,24.003,24.974,130344.3,160832.47,227450.71
2016-11-07,23.5,23.51,23.31,23.23,115524.33,-0.15,-0.64,23.582,24.107,25.09,148088.04,166148.82,228188.05
2016-11-04,23.66,23.84,23.46,23.45,116931.52,-0.22,-0.93,23.768,24.227,25.219,171805.62,178219.02,232257.27
2016-11-03,23.66,23.84,23.68,23.42,149036.12,0.02,0.09,24.024,24.365,25.373,177921.61,201382.43,238745.76
2016-11-02,23.7,24.0,23.66,23.51,139363.05,-0.05,-0.21,24.244,24.526,25.491,185507.45,242040.97,249028.12
2016-10-28,24.21,24.34,23.8,23.69,219585.19,-0.44,-1.81,24.458,24.832,25.663,191320.63,258958.33,265334.41
2016-10-27,24.74,24.9,24.24,24.08,234112.23,-0.5,-2.02,24.632,25.08,25.801,184209.6,267764.01,269448.7
2016-10-26,24.81,25.0,24.74,24.7,147511.48,-0.04,-0.16,24.686,25.371,25.905,184632.41,270331.74,280052.68
2016-10-25,24.75,25.05,24.78,24.65,186965.31,0.05,0.2,24.706,25.583,25.938,224843.25,276112.0,283499.47
2016-10-24,24.64,24.85,24.73,24.41,168428.94,0.06,0.24,24.808,25.801,25.962,298574.48,295455.92,281727.92
2016-10-21,24.59,24.78,24.67,24.41,184030.06,0.16,0.65,25.206,25.944,25.984,326596.02,294068.95,282895.76
2016-10-20,24.85,24.94,24.51,24.39,236226.27,-0.33,-1.33,25.528,26.073,25.99,351318.41,290227.27,279139.34
2016-10-19,25.0,25.18,24.84,24.62,348565.69,-0.45,-1.78,26.056,26.211,25.99,356031.07,286295.51,277198.77
2016-10-18,24.3,25.54,25.29,24.3,555621.44,-1.43,-5.35,26.46,26.38,26.023,327380.75,276109.08,276123.82
2016-10-14,26.28,26.74,26.72,25.57,308536.66,0.44,1.67,26.794,26.456,26.028,292337.36,256015.26,260474.98
2016-10-13,27.16,27.25,26.28,26.21,307642.0,-0.87,-3.2,26.682,26.494,25.945,261541.87,271710.5,256553.13
2016-10-12,26.7,27.47,27.15,26.62,259789.55,0.29,1.08,26.618,26.521,25.877,229136.13,271133.39,248773.67
2016-10-11,27.0,27.15,26.86,26.71,205314.12,-0.1,-0.37,26.366,26.439,25.742,216559.96,289773.62,241198.43
2016-10-10,26.68,27.58,26.96,26.31,380404.47,0.8,3.06,26.3,26.293,25.619,224837.41,290886.94,236611.69
2016-09-30,25.83,26.45,26.16,25.73,154559.19,0.2,0.77,26.118,26.122,25.504,219693.17,267999.92,225887.24
2016-09-29,25.89,26.36,25.96,25.83,145613.33,0.07,0.27,26.306,26.023,25.426,281879.14,271722.57,223493.15
2016-09-28,26.49,26.49,25.89,25.82,196908.69,-0.64,-2.41,26.424,25.906,25.362,313130.65,268051.4,228754.81
2016-09-27,26.02,26.53,26.53,25.85,246701.38,0.48,1.84,26.512,25.769,25.275,362987.28,268102.02,226951.29
2016-09-26,27.1,27.39,26.05,25.92,354683.25,-1.05,-3.88,26.286,25.665,25.176,356936.47,276138.55,221399.42
2016-09-23,26.59,27.78,27.1,26.49,465489.03,0.55,2.07,26.126,25.6,25.098,316306.67,264934.69,212773.47
2016-09-22,26.53,26.74,26.55,26.2,301870.88,0.22,0.84,25.74,25.396,24.98,261566.0,241395.75,195934.19
2016-09-21,25.32,26.87,26.33,25.03,446191.88,0.93,3.66,25.388,25.233,24.901,222972.16,226413.95,188813.1
2016-09-20,25.26,25.87,25.4,25.1,216447.3,0.15,0.59,25.026,25.045,24.838,173216.76,192623.25,178553.88
2016-09-19,25.15,25.29,25.25,24.91,151534.27,0.08,0.32,25.044,24.945,24.811,195340.64,182336.44,174240.88
2016-09-14,24.6,25.35,25.17,24.4,191785.69,0.38,1.53,25.074,24.885,24.797,213562.71,183774.56,179045.75
2016-09-13,24.7,24.86,24.79,24.42,108901.64,0.27,1.1,25.052,24.828,24.801,221225.5,175263.74,183940.23
2016-09-12,24.99,25.14,24.52,24.39,197414.88,-0.97,-3.81,25.078,24.817,24.804,229855.74,189458.22,189665.51
2016-09-09,25.41,26.14,25.49,25.21,327066.72,0.09,0.35,25.064,24.78,24.832,212029.74,185800.56,197463.21
2016-09-08,25.2,25.71,25.4,25.07,242644.62,0.34,1.36,24.846,24.686,24.742,169332.25,166660.28,186596.36
2016-09-07,25.0,25.4,25.06,24.76,230099.66,0.14,0.56,24.696,24.596,24.642,153986.4,160612.24,183022.86
2016-09-06,24.35,24.95,24.92,24.24,152052.8,0.47,1.92,24.604,24.564,24.594,129301.97,150472.63,178964.63
2016-09-05,24.51,24.98,24.45,24.38,108284.88,0.05,0.2,24.556,24.569,24.559,149060.71,151212.25,178318.09
2016-09-02,24.51,24.7,24.4,24.15,113579.27,-0.25,-1.01,24.496,24.63,24.537,159571.38,164484.52,178404.53
2016-09-01,24.64,25.15,24.65,24.58,165915.39,0.05,0.2,24.526,24.676,24.504,163988.31,166145.31,178746.31
2016-08-31,24.65,24.81,24.6,24.33,106677.49,-0.08,-0.32,24.496,24.709,24.473,167238.08,174316.95,177809.39
2016-08-30,24.21,25.14,24.68,24.21,250846.52,0.53,2.19,24.524,24.773,24.434,171643.3,192616.73,179120.25
2016-08-29,24.39,24.56,24.15,24.05,160838.25,-0.4,-1.63,24.582,24.791,24.388,153363.78,189872.79,172338.74
2016-08-26,24.55,24.83,24.55,24.37,135663.91,0.05,0.2,24.764,24.884,24.35,169397.66,209125.86,173823.9
2016-08-25,24.7,24.7,24.5,24.07,182164.23,-0.24,-0.97,24.826,24.798,24.332,168302.3,206532.44,181769.87
2016-08-24,24.99,25.07,24.74,24.6,128703.58,-0.23,-0.92,24.922,24.688,24.365,181395.82,205433.48,197491.55
2016-08-23,24.97,25.18,24.97,24.65,159448.94,-0.09,-0.36,25.022,24.623,24.404,213590.16,207456.62,224516.46
2016-08-22,24.79,25.5,25.06,24.66,241007.64,0.2,0.81,25.0,24.548,24.405,226381.79,205423.93,227429.09
2016-08-19,25.0,25.05,24.86,24.63,130187.13,-0.12,-0.48,25.004,24.444,24.394,248854.05,192324.54,230523.63
2016-08-18,25.24,25.77,24.98,24.97,247631.8,-0.26,-1.03,24.77,24.332,24.388,244762.58,191347.32,242115.02
2016-08-17,24.78,25.49,25.24,24.71,289675.28,0.38,1.53,24.454,24.236,24.349,229471.14,181301.83,242357.89
2016-08-16,24.93,25.03,24.86,24.71,223407.12,-0.22,-0.88,24.224,24.094,24.275,201323.09,165623.77,233627.99
2016-08-15,23.7,25.25,25.08,23.5,353368.94,1.39,5.87,24.096,23.985,24.23,184466.07,154804.7,227919.99
2016-08-12,23.47,23.85,23.69,23.3,109729.78,0.29,1.24,23.884,23.815,24.167,135795.03,138521.95,217769.84
2016-08-11,24.04,24.04,23.4,23.37,171174.56,-0.69,-2.86,23.894,23.866,24.191,137932.05,157007.29,220610.52
2016-08-10,24.3,24.59,24.09,24.08,148935.03,-0.13,-0.54,24.018,24.042,24.246,133132.53,189549.62,221328.29
2016-08-09,24.01,24.23,24.22,23.84,139122.06,0.2,0.83,23.964,24.184,24.261,129924.45,241576.31,226075.01
2016-08-08,23.67,24.1,24.02,23.5,110013.73,0.28,1.18,23.874,24.262,24.279,125143.32,249434.25,237143.98
2016-08-05,23.95,24.13,23.74,23.62,120414.87,-0.28,-1.17,23.746,24.343,24.276,141248.87,268722.72,250965.45
2016-08-04,23.74,24.2,24.02,23.5,147176.97,0.2,0.84,23.838,24.444,24.269,176082.53,292882.72,252846.23
2016-08-03,23.79,24.15,23.82,23.61,132894.61,0.05,0.21,24.066,24.462,24.257,245966.71,303413.95,256742.28
2016-08-02,23.37,23.83,23.77,23.37,115216.41,0.39,1.67,24.404,24.455,24.27,353228.17,301632.2,267877.84
2016-08-01,24.09,24.09,23.38,23.18,190541.5,-0.82,-3.39,24.65,24.475,24.269,373725.17,301035.28,273101.97
2016-07-29,25.12,25.16,24.2,24.1,294583.16,-0.96,-3.82,24.94,24.519,24.291,396196.57,297017.73,276184.81
2016-07-28,25.17,26.11,25.16,24.85,496597.88,-0.35,-1.37,25.05,24.515,24.237,409682.92,284213.74,269970.93
2016-07-27,25.15,25.73,25.51,23.64,669201.88,0.51,2.04,24.858,24.449,24.152,360861.18,253106.96,253330.15
2016-07-26,24.68,25.18,25.0,24.66,217701.44,0.17,0.69,24.506,24.338,24.045,250036.24,210573.71,228539.15
2016-07-25,24.7,25.33,24.83,24.51,302898.5,0.08,0.32,24.3,24.295,23.972,228345.38,224853.72,232600.08
2016-07-22,24.23,24.88,24.75,23.9,362014.88,0.55,2.27,24.098,24.209,23.908,197838.9,233208.18,236241.05
2016-07-21,23.84,24.46,24.2,23.78,252489.2,0.45,1.9,23.98,24.094,23.787,158744.56,212809.74,229003.3
2016-07-20,24.04,24.04,23.75,23.65,115077.18,-0.22,-0.92,24.04,24.051,23.726,145352.74,210070.61,227305.46
2016-07-19,23.82,23.97,23.97,23.61,109247.16,0.15,0.63,24.17,24.084,23.675,171111.19,234123.49,228866.26
2016-07-18,23.92,24.09,23.82,23.6,150366.06,-0.34,-1.41,24.29,24.062,23.589,221362.06,245168.65,236649.13
2016-07-15,24.58,24.58,24.16,24.04,166543.22,-0.34,-1.39,24.32,24.062,23.53,268577.47,255351.89,238731.32
2016-07-14,24.45,24.58,24.5,24.3,185530.06,0.1,0.41,24.208,23.959,23.428,266874.91,255728.11,236511.21
2016-07-13,24.63,24.64,24.4,24.27,243869.44,-0.17,-0.69,24.062,23.854,23.306,274788.49,253553.34,233552.78
2016-07-12,24.05,24.66,24.57,23.63,360501.53,0.6,2.5,23.998,23.752,23.196,297135.78,246504.59,229874.25
2016-07-11,23.7,24.52,23.97,23.67,386443.09,0.37,1.57,23.834,23.648,23.046,268975.24,240346.44,218186.28
2016-07-08,23.75,23.87,23.6,23.41,158030.44,-0.17,-0.71,23.804,23.607,22.923,242126.31,239273.92,213260.35
2016-07-07,24.01,24.1,23.77,23.41,225097.94,-0.31,-1.29,23.71,23.48,22.918,244581.31,245196.86,213316.74
2016-07-06,23.85,24.5,24.08,23.78,355605.91,0.33,1.39,23.646,23.401,22.906,232318.18,244540.31,209518.01
2016-07-05,23.76,23.96,23.75,23.55,219698.84,-0.07,-0.29,23.506,23.266,22.878,195873.39,223609.03,200234.47
2016-07-04,23.05,23.96,23.82,22.91,252198.44,0.69,2.98,23.462,23.116,22.881,211717.63,228129.61,202677.04
2016-07-01,23.58,23.6,23.13,23.07,170305.42,-0.32,-1.36,23.41,22.998,22.875,236421.52,222110.75,200149.48
2016-06-30,23.55,23.9,23.45,23.35,163782.3,0.07,0.3,23.25,22.896,22.908,245812.41,217294.31,205470.88
2016-06-29,23.9,23.9,23.38,23.31,173381.97,-0.15,-0.64,23.156,22.757,22.924,256762.43,213552.22,214864.66
2016-06-28,23.23,23.75,23.53,23.06,298920.0,-0.03,-0.13,23.026,22.64,22.877,251344.66,213243.91,215279.07
2016-06-27,22.1,23.75,23.56,22.07,375717.91,1.23,5.51,22.77,22.443,22.84,244541.58,196026.12,216167.71
2016-06-24,22.71,23.0,22.33,21.6,217259.86,-0.65,-2.83,22.586,22.239,22.769,207799.97,187246.78,205182.36
2016-06-23,22.73,23.48,22.98,22.47,218532.41,0.25,1.1,22.542,22.356,22.741,188776.21,181436.62,201501.08
2016-06-22,22.07,22.73,22.73,22.0,146293.12,0.48,2.16,22.358,22.411,22.678,170342.0,174495.71,196703.35
2016-06-21,23.36,23.49,22.25,22.18,264904.62,-0.39,-1.72,22.254,22.489,22.641,175143.17,176859.91,199220.49
2016-06-20,22.1,22.65,22.64,21.71,192009.86,0.53,2.4,22.116,22.645,22.602,147510.66,177224.48,191494.93
2016-06-17,22.09,22.56,22.11,21.95,122141.04,0.05,0.23,21.892,22.752,22.532,166693.58,178188.2,189456.39
2016-06-16,22.29,22.43,22.06,22.01,126361.38,-0.15,-0.68,22.17,22.919,22.483,174097.02,193647.46,191571.31
2016-06-15,21.24,22.35,22.21,21.2,170298.94,0.65,3.02,22.464,23.091,22.468,178649.42,216177.1,194138.51
2016-06-14,21.52,21.85,21.56,21.38,126742.09,0.04,0.19,22.724,23.114,22.434,178576.65,217314.23,191840.8
2016-06-13,23.12,23.18,21.52,21.5,287924.44,-1.98,-8.43,23.174,23.236,22.413,206938.29,236309.3,190987.28
2016-06-08,23.6,23.73,23.5,23.28,159158.27,-0.03,-0.13,23.612,23.298,22.41,189682.83,223117.94,182959.64
2016-06-07,23.49,23.8,23.53,23.28,149123.38,0.02,0.09,23.668,23.126,22.306,213197.89,221565.55,179381.06
2016-06-06,24.0,24.15,23.51,23.31,169935.09,-0.3,-1.26,23.718,22.944,22.241,253704.78,218910.99,180973.57
2016-06-03,23.74,24.15,23.81,23.52,268550.28,0.1,0.42,23.504,22.792,22.171,256051.81,221581.08,181586.82
2016-06-02,23.79,23.83,23.71,23.45,201647.12,-0.07,-0.29,23.298,22.559,22.074,265680.31,205765.39,176471.32
2016-06-01,23.7,23.93,23.78,23.52,276733.56,0.0,0.0,22.984,22.312,21.972,256553.05,200724.57,174897.84
2016-05-31,22.53,23.96,23.78,22.53,351657.84,1.34,5.97,22.584,22.047,21.851,229933.21,189495.16,168108.79
2016-05-30,22.31,22.92,22.44,22.13,181670.27,-0.34,-1.49,22.17,21.844,21.714,184117.2,172099.92,154998.14
2016-05-27,22.5,23.35,22.78,22.5,316692.78,0.64,2.89,22.08,21.753,21.658,187110.34,166367.37,152946.44
2016-05-26,21.73,22.15,22.14,21.2,156010.78,0.36,1.65,21.82,21.59,21.564,145850.46,145665.26,139300.91
2016-05-25,21.93,22.24,21.78,21.63,143634.39,0.07,0.32,21.64,21.522,21.512,144896.1,142801.35,137781.83
2016-05-24,22.08,22.08,21.71,21.53,122577.78,-0.28,-1.27,21.51,21.485,21.485,149057.11,137196.58,137196.58
2016-05-23,21.67,22.35,21.99,21.6,196635.97,0.51,2.37,21.518,21.46,21.46,160082.64,138820.89,138820.89
2016-05-20,20.94,21.53,21.48,20.78,110393.39,0.24,1.13,21.426,21.394,21.394,145624.39,131594.0,131594.0
2016-05-19,21.15,21.86,21.24,21.08,151238.98,0.16,0.76,21.36,21.381,21.381,145480.05,134622.66,134622.66
2016-05-18,21.45,21.45,21.13,20.74,164439.44,-0.62,-2.85,21.404,21.405,21.405,140706.59,131853.28,131853.28
2016-05-17,21.62,22.15,21.75,21.34,177705.41,0.22,1.02,21.46,21.46,21.46,125336.04,125336.04,125336.04
2016-05-16,21.14,21.53,21.53,20.82,124344.75,0.38,1.8,21.388,21.388,21.388,112243.7,112243.7,112243.7
2016-05-13,21.38,21.77,21.15,20.98,109671.68,-0.31,-1.45,21.34,21.34,21.34,108210.02,108210.02,108210.02
2016-05-12,21.01,21.55,21.46,20.67,127371.66,0.05,0.23,21.435,21.435,21.435,107479.19,107479.19,107479.19
2016-05-11,21.85,21.86,21.41,21.29,87586.72,-0.19,-0.88,21.41,21.41,21.41,87586.72,87586.72,87586.72
